[
    {
        "id": 101,
        "ukrainianUppercaseLetter": "А",
        "ukrainianLowercaseLetter": "а",
        "polishUppercaseLetter": "A",
        "polishLowercaseLetter": "a",
        "wordInPolish": "aromat",
        "wordInUkrainian": "аромáт",
        "imageName": "A 1",
        "description": "",
        "sound": "A"
    },
    {
        "id": 102,
        "ukrainianUppercaseLetter": "Б",
        "ukrainianLowercaseLetter": "б",
        "polishUppercaseLetter": "B",
        "polishLowercaseLetter": "b",
        "wordInPolish": "brać",
        "wordInUkrainian": "брáти",
        "imageName": "B",
        "description": "",
        "sound": "B"
    },
    {
        "id": 103,
        "ukrainianUppercaseLetter": "В",
        "ukrainianLowercaseLetter": "в",
        "polishUppercaseLetter": "W",
        "polishLowercaseLetter": "w",
        "wordInPolish": "wstawać",
        "wordInUkrainian": "вставáти",
        "imageName": "W",
        "description": "",
        "sound": "W"
    },
    {
        "id": 104,
        "ukrainianUppercaseLetter": "Г",
        "ukrainianLowercaseLetter": "г",
        "polishUppercaseLetter": "H / Ch",
        "polishLowercaseLetter": "h / ch",
        "wordInPolish": "hałas",
        "wordInUkrainian": "гáлас",
        "imageName": "H",
        "description": "",
        "sound": "H"
    },
    {
        "id": 105,
        "ukrainianUppercaseLetter": "Ґ",
        "ukrainianLowercaseLetter": "ґ",
        "polishUppercaseLetter": "G",
        "polishLowercaseLetter": "g",
        "wordInPolish": "głowa",
        "wordInUkrainian": "головá",
        "imageName": "G",
        "description": "",
        "sound": "G"
    },
    {
        "id": 106,
        "ukrainianUppercaseLetter": "Д",
        "ukrainianLowercaseLetter": "д",
        "polishUppercaseLetter": "D",
        "polishLowercaseLetter": "d",
        "wordInPolish": "dobroć",
        "wordInUkrainian": "добротá",
        "imageName": "D",
        "description": "",
        "sound": "D"
    },
    {
        "id": 107,
        "ukrainianUppercaseLetter": "Е",
        "ukrainianLowercaseLetter": "е",
        "polishUppercaseLetter": "E",
        "polishLowercaseLetter": "e",
        "wordInPolish": "emocja",
        "wordInUkrainian": "емóція",
        "imageName": "E1",
        "description": "",
        "sound": "E"
    },
    {
        "id": 108,
        "ukrainianUppercaseLetter": "Є",
        "ukrainianLowercaseLetter": "є",
        "polishUppercaseLetter": "Je / Ie ",
        "polishLowercaseLetter": "je / ie",
        "wordInPolish": "Jelenia Góra",
        "wordInUkrainian": "Єлéня ГԻра (Горá)",
        "imageName": "JE",
        "description": "Як тільки голосний – після л, з i – після інших приголосних, з j – в інших відмінках",
        "sound": "JE"
    },
    {
        "id": 109,
        "ukrainianUppercaseLetter": "Ж",
        "ukrainianLowercaseLetter": "ж",
        "polishUppercaseLetter": "Ż",
        "polishLowercaseLetter": "ż",
        "wordInPolish": "żakiet",
        "wordInUkrainian": "жáкет",
        "imageName": "Ż",
        "description": "",
        "sound": "Ż"
    },
    {
        "id": 110,
        "ukrainianUppercaseLetter": "З",
        "ukrainianLowercaseLetter": "з",
        "polishUppercaseLetter": "Z / Ź",
        "polishLowercaseLetter": "z / ź",
        "wordInPolish": "dźwięk",
        "wordInUkrainian": "звук",
        "imageName": "Ź 2",
        "description": "Зі знаком м’якшення – перед ь, крім диграфа ьо",
        "sound": "Ź"
    },
    {
        "id": 111,
        "ukrainianUppercaseLetter": "И",
        "ukrainianLowercaseLetter": "и",
        "polishUppercaseLetter": "Y",
        "polishLowercaseLetter": "y",
        "wordInPolish": "wybierać",
        "wordInUkrainian": "вибирáти",
        "imageName": "Y",
        "description": "",
        "sound": "Y"
    },
    {
        "id": 112,
        "ukrainianUppercaseLetter": "І",
        "ukrainianLowercaseLetter": "i",
        "polishUppercaseLetter": "I",
        "polishLowercaseLetter": "i",
        "wordInPolish": "bieg",
        "wordInUkrainian": "біг",
        "imageName": "I",
        "description": "",
        "sound": "I"
    },
    {
        "id": 113,
        "ukrainianUppercaseLetter": "Ї",
        "ukrainianLowercaseLetter": "ї",
        "polishUppercaseLetter": "Ji",
        "polishLowercaseLetter": "ji",
        "wordInPolish": "operacji",
        "wordInUkrainian": "оперáції",
        "imageName": "JI",
        "description": "",
        "sound": "JI"
    },
    {
        "id": 114,
        "ukrainianUppercaseLetter": "Й",
        "ukrainianLowercaseLetter": "й",
        "polishUppercaseLetter": "J",
        "polishLowercaseLetter": "j",
        "wordInPolish": "jod",
        "wordInUkrainian": "йод",
        "imageName": "J",
        "description": "",
        "sound": "J"
    },
    {
        "id": 115,
        "ukrainianUppercaseLetter": "К",
        "ukrainianLowercaseLetter": "к",
        "polishUppercaseLetter": "K",
        "polishLowercaseLetter": "k",
        "wordInPolish": "kontrakt",
        "wordInUkrainian": "контрáкт",
        "imageName": "K",
        "description": "",
        "sound": "K"
    },
    {
        "id": 116,
        "ukrainianUppercaseLetter": "Л",
        "ukrainianLowercaseLetter": "л",
        "polishUppercaseLetter": "Ł",
        "polishLowercaseLetter": "ł",
        "wordInPolish": "łańcuszek",
        "wordInUkrainian": "ланцюжóк",
        "imageName": "Ł",
        "description": "Як l – перед є, і, ь, ю та я, як ł – в інших відмінках",
        "sound": "Ł"
    },
    {
        "id": 117,
        "ukrainianUppercaseLetter": "М",
        "ukrainianLowercaseLetter": "м",
        "polishUppercaseLetter": "M",
        "polishLowercaseLetter": "m",
        "wordInPolish": "mikser",
        "wordInUkrainian": "мíксер",
        "imageName": "M",
        "description": "",
        "sound": "M"
    },
    {
        "id": 118,
        "ukrainianUppercaseLetter": "Н",
        "ukrainianLowercaseLetter": "н",
        "polishUppercaseLetter": "N / ń",
        "polishLowercaseLetter": "n / ń",
        "wordInPolish": "niezamężna",
        "wordInUkrainian": "незамíжня",
        "imageName": "N",
        "description": "Зі знаком м’якшення – перед ь, крім диграфа ьо.",
        "sound": "N"
    },
    {
        "id": 119,
        "ukrainianUppercaseLetter": "O",
        "ukrainianLowercaseLetter": "o",
        "polishUppercaseLetter": "O",
        "polishLowercaseLetter": "o",
        "wordInPolish": "obraza",
        "wordInUkrainian": "обрáза",
        "imageName": "O 1",
        "description": "",
        "sound": "O"
    },
    {
        "id": 120,
        "ukrainianUppercaseLetter": "П",
        "ukrainianLowercaseLetter": "п",
        "polishUppercaseLetter": "P",
        "polishLowercaseLetter": "p",
        "wordInPolish": "pisać",
        "wordInUkrainian": "писáти",
        "imageName": "P",
        "description": "",
        "sound": "P"
    },
    {
        "id": 121,
        "ukrainianUppercaseLetter": "Р",
        "ukrainianLowercaseLetter": "p",
        "polishUppercaseLetter": "R",
        "polishLowercaseLetter": "r",
        "wordInPolish": "robić",
        "wordInUkrainian": "робити",
        "imageName": "R",
        "description": "Зі знаком м’якшення – перед ь, крім диграфа ьо",
        "sound": "R"
    },
    {
        "id": 122,
        "ukrainianUppercaseLetter": "С",
        "ukrainianLowercaseLetter": "с",
        "polishUppercaseLetter": "S / Ś",
        "polishLowercaseLetter": "S / Ś",
        "wordInPolish": "siedzieć",
        "wordInUkrainian": "сидíти",
        "imageName": "S",
        "description": "Зі знаком м’якшення – перед ь, крім диграфа ьо",
        "sound": "S"
    },
    {
        "id": 123,
        "ukrainianUppercaseLetter": "Т",
        "ukrainianLowercaseLetter": "т",
        "polishUppercaseLetter": "T",
        "polishLowercaseLetter": "t",
        "wordInPolish": "temat",
        "wordInUkrainian": "тéма",
        "imageName": "T",
        "description": "Зі знаком м’якшення – перед ь, крім диграфа ьо",
        "sound": "T"
    },
    {
        "id": 124,
        "ukrainianUppercaseLetter": "У",
        "ukrainianLowercaseLetter": "у",
        "polishUppercaseLetter": "U",
        "polishLowercaseLetter": "u",
        "wordInPolish": "uświadomić sobie",
        "wordInUkrainian": "усвідóмити",
        "imageName": "U",
        "description": "",
        "sound": "U"
    },
    {
        "id": 125,
        "ukrainianUppercaseLetter": "Ф",
        "ukrainianLowercaseLetter": "ф",
        "polishUppercaseLetter": "F",
        "polishLowercaseLetter": "f",
        "wordInPolish": "frak",
        "wordInUkrainian": "фрак",
        "imageName": "F",
        "description": "",
        "sound": "F"
    },
    {
        "id": 126,
        "ukrainianUppercaseLetter": "X",
        "ukrainianLowercaseLetter": "x",
        "polishUppercaseLetter": "CH / H",
        "polishLowercaseLetter": "ch / h",
        "wordInPolish": "chrapać",
        "wordInUkrainian": "хропíти",
        "imageName": "CH",
        "description": "",
        "sound": "CH"
    },
    {
        "id": 127,
        "ukrainianUppercaseLetter": "Ц",
        "ukrainianLowercaseLetter": "ц",
        "polishUppercaseLetter": "C / Ć",
        "polishLowercaseLetter": "c / ć",
        "wordInPolish": "kapcie",
        "wordInUkrainian": "кáпці",
        "imageName": "Ć",
        "description": "Зі знаком м’якшення – перед ь, крім диграфа ьо",
        "sound": "Ć"
    },
    {
        "id": 128,
        "ukrainianUppercaseLetter": "Ч",
        "ukrainianLowercaseLetter": "ч",
        "polishUppercaseLetter": "Cz",
        "polishLowercaseLetter": "cz",
        "wordInPolish": "wybielacz",
        "wordInUkrainian": "відбíлювач",
        "imageName": "CZ",
        "description": "",
        "sound": "CZ"
    },
    {
        "id": 129,
        "ukrainianUppercaseLetter": "Ш",
        "ukrainianLowercaseLetter": "ш",
        "polishUppercaseLetter": "Sz",
        "polishLowercaseLetter": "sz",
        "wordInPolish": "szampon",
        "wordInUkrainian": "шампyнь",
        "imageName": "SZ",
        "description": "",
        "sound": "SZ"
    },
    {
        "id": 130,
        "ukrainianUppercaseLetter": "Щ",
        "ukrainianLowercaseLetter": "щ",
        "polishUppercaseLetter": "Szcz",
        "polishLowercaseLetter": "szcz",
        "wordInPolish": "szczoteczka",
        "wordInUkrainian": "щíтка",
        "imageName": "SZCZ",
        "description": "",
        "sound": "SZCZ"
    },
    {
        "id": 131,
        "ukrainianUppercaseLetter": "С",
        "ukrainianLowercaseLetter": "с",
        "polishUppercaseLetter": "Ś",
        "polishLowercaseLetter": "ś",
        "wordInPolish": "świnka",
        "wordInUkrainian": "свинка",
        "imageName": "Ś 1",
        "description": "Зі знаком м’якшення – перед ь, крім диграфа ьо",
        "sound": "Ś"
    },
    {
        "id": 132,
        "ukrainianUppercaseLetter": "Ю",
        "ukrainianLowercaseLetter": "ю",
        "polishUppercaseLetter": "'Ju / U / Iu",
        "polishLowercaseLetter": "ju / u / iu",
        "wordInPolish": "jubiler",
        "wordInUkrainian": "ювелíр",
        "imageName": "JU",
        "description": "Як просто голосний – після л, з i – після інших приголосних, з j – в інших відмінках",
        "sound": "JU"
    },
    {
        "id": 133,
        "ukrainianUppercaseLetter": "Я",
        "ukrainianLowercaseLetter": "я",
        "polishUppercaseLetter": "Ja / A / Ia",
        "polishLowercaseLetter": "ja / a / ia",
        "wordInPolish": "komisja",
        "wordInUkrainian": "комíсія",
        "imageName": "JA",
        "description": "Як просто голосний – після л, з i – після інших приголосних, з j – в інших відмінках",
        "sound": "JA"
    },
  
]
